Website,Phone,Name
http://www.spanishinterpreterstranslationservices.com/,(888) 266-4859,Spanish Interpreters & Translation Services
http://www.translationaz.com,(800) 620-4789,Translation AZ
http://advancedtranslationservices.com,(888) 246-3109,Languages Translation Services
http://ambassadorpassportandvisa.com,(888) 265-4868,Ambassador Passport & Visa Services
https://www.ingenuiti.com,(757) 226-0999,Ingenuiti
,(757) 226-0999,Jti Inc
http://thelanguagegroup.com,(757) 431-9004,Language Group
http://www.thelanguagegroup.com,(757) 431-9004,Language Group
http://advanced-translations.com,(757) 426-8833,Advanced Translations
,(757) 431-2574,Heuberger Enterprises
,(757) 460-0348,AM Multi Services
http://thelanguagegroup.com,(757) 431-9004,Language Group
,(757) 714-0393,Missy Murphy
,(757) 523-0613,Sheena M Ethington
,(757) 416-4838,Lewis-Morales Translation Services
,(757) 495-3719,Global Visions
,(757) 286-0333,Marilyn's Multiple Services
http://www.courthouseacademy.com,(757) 368-0368,Courthouse Academy
,(757) 451-7001,Worldwide Language Resources
http://extramilelawncare.com,(757) 630-7858,Extra Mile Landscaping
,(757) 671-9142,Alliance Francaise
,(850) 454-7881,The Intercultural School of Etiquette
,(757) 497-6658,English For Success
,(757) 671-1055,Mundo Languages SVC
,(757) 560-2369,Mindy Brown & Co
http://www.tidewatertutoringservice.com,(757) 855-8952,Tidewater Tutoring Service
,,
,,
,,
